<?xml version="1.0" encoding="UTF-8"?>
<!DOCTYPE mapper PUBLIC "-//mybatis.org//DTD Mapper 3.0//EN" "http://mybatis.org/dtd/mybatis-3-mapper.dtd">
<mapper namespace="co.micol.prj.member.service.MemberMapper">
	<select id="selectMemberList"
		resultType="co.micol.prj.member.service.MemberVO">
		SELECT * FROM MEMBER
	</select>

	<select id="selectMember"
		parameterType="co.micol.prj.member.service.MemberVO"
		resultType="co.micol.prj.member.service.MemberVO">
		SELECT * FROM MEMBER WHERE ID = #{id}
		<if test="password != null">AND PASSWORD = #{password}</if> 
		<!-- 로그인 기능 -->
	</select>

	<insert id="insertMember"
		parameterType="co.micol.prj.member.service.MemberVO">
		INSERT INTO MEMBER
		VALUES(#{id}, #{password}, #{name}, #{tel}, #{address}, 'USER')
	</insert>

	<update id="updateMember"
		parameterType="co.micol.prj.member.service.MemberVO">
		UPDATE MEMBER
		<set>
			<if test="password != null">SET PASSWORD = #{password},</if>
			<if test="name != null">SET NAME = #{name},</if>
			<if test="tel != null">SET TEL = #{tel},</if>
			<if test="address != null">SET ADDRESS = #{address},</if>
			<if test="author != null">SET AUTHOR = #{author},</if>
		</set>
		WHERE ID = #{ID}
	</update>

	<delete id="deleteMember"
		parameterType="co.micol.prj.member.service.MemberVO">
		DELETE FROM MEMBER WHERE ID = #{id}
	</delete>

	<select id="isIdCheck" parameterType="String" resultType="boolean">
		SELECT CASE WHEN COUNT(ID) = 1 THEN 0 ELSE 1 END AS ID
		FROM MEMBER WHERE ID = #{str}
	</select>
</mapper>